year,avg_nights
2017,2.35
2018,2.44480035118648
2019,2.52
2020,1.93
2021,2.18511018870828
2022,2.54676541235895
2023,2.44588867011607
2024,2.49205843967323
